{
  "2": {
    "samples": 400,
    "mean_hold": 0.094042,
    "std_hold": 0.018273,
    "mean_dd": 0.235871,
    "mean_ud": 0.140695,
    "total_time_avg": 2.358713,
    "anomaly_rate": 0.01,
    "avg_anomaly_score": -0.114295,
    "cluster_mode": 8
  },
  "3": {
    "samples": 400,
    "mean_hold": 0.126159,
    "std_hold": 0.030088,
    "mean_dd": 0.199036,
    "mean_ud": 0.070182,
    "total_time_avg": 1.990358,
    "anomaly_rate": 0.115,
    "avg_anomaly_score": -0.062904,
    "cluster_mode": 1
  },
  "4": {
    "samples": 400,
    "mean_hold": 0.100341,
    "std_hold": 0.023764,
    "mean_dd": 0.212618,
    "mean_ud": 0.109796,
    "total_time_avg": 2.126177,
    "anomaly_rate": 0.0075,
    "avg_anomaly_score": -0.114284,
    "cluster_mode": 6
  },
  "5": {
    "samples": 400,
    "mean_hold": 0.10316,
    "std_hold": 0.023263,
    "mean_dd": 0.292413,
    "mean_ud": 0.188146,
    "total_time_avg": 2.924135,
    "anomaly_rate": 0.02,
    "avg_anomaly_score": -0.101374,
    "cluster_mode": 6
  },
  "7": {
    "samples": 400,
    "mean_hold": 0.091494,
    "std_hold": 0.020595,
    "mean_dd": 0.171067,
    "mean_ud": 0.078812,
    "total_time_avg": 1.710671,
    "anomaly_rate": 0.0,
    "avg_anomaly_score": -0.117192,
    "cluster_mode": 8
  },
  "8": {
    "samples": 400,
    "mean_hold": 0.093459,
    "std_hold": 0.016933,
    "mean_dd": 0.17719,
    "mean_ud": 0.084448,
    "total_time_avg": 1.771901,
    "anomaly_rate": 0.0025,
    "avg_anomaly_score": -0.118229,
    "cluster_mode": 6
  },
  "10": {
    "samples": 400,
    "mean_hold": 0.073996,
    "std_hold": 0.014036,
    "mean_dd": 0.170453,
    "mean_ud": 0.096895,
    "total_time_avg": 1.704527,
    "anomaly_rate": 0.0,
    "avg_anomaly_score": -0.108449,
    "cluster_mode": 8
  },
  "11": {
    "samples": 400,
    "mean_hold": 0.111274,
    "std_hold": 0.027837,
    "mean_dd": 0.166315,
    "mean_ud": 0.056463,
    "total_time_avg": 1.663152,
    "anomaly_rate": 0.0025,
    "avg_anomaly_score": -0.081212,
    "cluster_mode": 6
  },
  "12": {
    "samples": 400,
    "mean_hold": 0.134679,
    "std_hold": 0.025783,
    "mean_dd": 0.209386,
    "mean_ud": 0.075263,
    "total_time_avg": 2.093864,
    "anomaly_rate": 0.04,
    "avg_anomaly_score": -0.060347,
    "cluster_mode": 1
  },
  "13": {
    "samples": 400,
    "mean_hold": 0.078251,
    "std_hold": 0.015975,
    "mean_dd": 0.16079,
    "mean_ud": 0.083238,
    "total_time_avg": 1.607897,
    "anomaly_rate": 0.0,
    "avg_anomaly_score": -0.114353,
    "cluster_mode": 8
  },
  "15": {
    "samples": 400,
    "mean_hold": 0.075592,
    "std_hold": 0.01603,
    "mean_dd": 0.178471,
    "mean_ud": 0.10256,
    "total_time_avg": 1.784712,
    "anomaly_rate": 0.01,
    "avg_anomaly_score": -0.105619,
    "cluster_mode": 8
  },
  "16": {
    "samples": 400,
    "mean_hold": 0.094599,
    "std_hold": 0.020546,
    "mean_dd": 0.414905,
    "mean_ud": 0.320204,
    "total_time_avg": 4.149053,
    "anomaly_rate": 0.21,
    "avg_anomaly_score": -0.041036,
    "cluster_mode": 4
  },
  "17": {
    "samples": 400,
    "mean_hold": 0.060761,
    "std_hold": 0.01063,
    "mean_dd": 0.182456,
    "mean_ud": 0.121787,
    "total_time_avg": 1.824558,
    "anomaly_rate": 0.005,
    "avg_anomaly_score": -0.107551,
    "cluster_mode": 8
  },
  "18": {
    "samples": 400,
    "mean_hold": 0.099035,
    "std_hold": 0.025481,
    "mean_dd": 0.210964,
    "mean_ud": 0.10976,
    "total_time_avg": 2.109636,
    "anomaly_rate": 0.03,
    "avg_anomaly_score": -0.10063,
    "cluster_mode": 6
  },
  "19": {
    "samples": 400,
    "mean_hold": 0.083384,
    "std_hold": 0.020374,
    "mean_dd": 0.283493,
    "mean_ud": 0.201279,
    "total_time_avg": 2.834927,
    "anomaly_rate": 0.0425,
    "avg_anomaly_score": -0.105467,
    "cluster_mode": 2
  },
  "20": {
    "samples": 400,
    "mean_hold": 0.107373,
    "std_hold": 0.024313,
    "mean_dd": 0.216798,
    "mean_ud": 0.10896,
    "total_time_avg": 2.167979,
    "anomaly_rate": 0.0675,
    "avg_anomaly_score": -0.083223,
    "cluster_mode": 6
  },
  "21": {
    "samples": 400,
    "mean_hold": 0.084277,
    "std_hold": 0.016566,
    "mean_dd": 0.221691,
    "mean_ud": 0.137401,
    "total_time_avg": 2.216906,
    "anomaly_rate": 0.0175,
    "avg_anomaly_score": -0.109309,
    "cluster_mode": 8
  },
  "22": {
    "samples": 400,
    "mean_hold": 0.059631,
    "std_hold": 0.018091,
    "mean_dd": 0.455955,
    "mean_ud": 0.395982,
    "total_time_avg": 4.559545,
    "anomaly_rate": 0.43,
    "avg_anomaly_score": 0.001073,
    "cluster_mode": 5
  },
  "24": {
    "samples": 400,
    "mean_hold": 0.059851,
    "std_hold": 0.014214,
    "mean_dd": 0.2677,
    "mean_ud": 0.208771,
    "total_time_avg": 2.677001,
    "anomaly_rate": 0.0475,
    "avg_anomaly_score": -0.088429,
    "cluster_mode": 2
  },
  "25": {
    "samples": 400,
    "mean_hold": 0.080849,
    "std_hold": 0.015832,
    "mean_dd": 0.276307,
    "mean_ud": 0.196151,
    "total_time_avg": 2.763071,
    "anomaly_rate": 0.0275,
    "avg_anomaly_score": -0.096503,
    "cluster_mode": 0
  },
  "26": {
    "samples": 400,
    "mean_hold": 0.085769,
    "std_hold": 0.012065,
    "mean_dd": 0.212711,
    "mean_ud": 0.12778,
    "total_time_avg": 2.127108,
    "anomaly_rate": 0.01,
    "avg_anomaly_score": -0.122135,
    "cluster_mode": 8
  },
  "27": {
    "samples": 400,
    "mean_hold": 0.099649,
    "std_hold": 0.021665,
    "mean_dd": 0.257718,
    "mean_ud": 0.156123,
    "total_time_avg": 2.577182,
    "anomaly_rate": 0.025,
    "avg_anomaly_score": -0.103844,
    "cluster_mode": 0
  },
  "28": {
    "samples": 400,
    "mean_hold": 0.061037,
    "std_hold": 0.008955,
    "mean_dd": 0.221496,
    "mean_ud": 0.160346,
    "total_time_avg": 2.214957,
    "anomaly_rate": 0.0025,
    "avg_anomaly_score": -0.097639,
    "cluster_mode": 2
  },
  "29": {
    "samples": 400,
    "mean_hold": 0.080455,
    "std_hold": 0.017339,
    "mean_dd": 0.182643,
    "mean_ud": 0.101532,
    "total_time_avg": 1.826433,
    "anomaly_rate": 0.005,
    "avg_anomaly_score": -0.123642,
    "cluster_mode": 8
  },
  "30": {
    "samples": 400,
    "mean_hold": 0.111491,
    "std_hold": 0.026262,
    "mean_dd": 0.315892,
    "mean_ud": 0.202146,
    "total_time_avg": 3.158919,
    "anomaly_rate": 0.07,
    "avg_anomaly_score": -0.068659,
    "cluster_mode": 1
  },
  "31": {
    "samples": 400,
    "mean_hold": 0.087031,
    "std_hold": 0.022518,
    "mean_dd": 0.27137,
    "mean_ud": 0.182935,
    "total_time_avg": 2.713699,
    "anomaly_rate": 0.045,
    "avg_anomaly_score": -0.100784,
    "cluster_mode": 0
  },
  "32": {
    "samples": 400,
    "mean_hold": 0.09215,
    "std_hold": 0.017774,
    "mean_dd": 0.206405,
    "mean_ud": 0.113897,
    "total_time_avg": 2.064046,
    "anomaly_rate": 0.015,
    "avg_anomaly_score": -0.104981,
    "cluster_mode": 6
  },
  "33": {
    "samples": 400,
    "mean_hold": 0.126681,
    "std_hold": 0.042215,
    "mean_dd": 0.390409,
    "mean_ud": 0.261347,
    "total_time_avg": 3.90409,
    "anomaly_rate": 0.415,
    "avg_anomaly_score": -0.002797,
    "cluster_mode": 4
  },
  "34": {
    "samples": 400,
    "mean_hold": 0.09369,
    "std_hold": 0.02478,
    "mean_dd": 0.197437,
    "mean_ud": 0.102249,
    "total_time_avg": 1.974368,
    "anomaly_rate": 0.025,
    "avg_anomaly_score": -0.099284,
    "cluster_mode": 6
  },
  "35": {
    "samples": 400,
    "mean_hold": 0.07581,
    "std_hold": 0.021378,
    "mean_dd": 0.227572,
    "mean_ud": 0.151299,
    "total_time_avg": 2.27572,
    "anomaly_rate": 0.0275,
    "avg_anomaly_score": -0.099513,
    "cluster_mode": 8
  },
  "36": {
    "samples": 400,
    "mean_hold": 0.046291,
    "std_hold": 0.00828,
    "mean_dd": 0.539664,
    "mean_ud": 0.493556,
    "total_time_avg": 5.396638,
    "anomaly_rate": 0.8375,
    "avg_anomaly_score": 0.057587,
    "cluster_mode": 5
  },
  "37": {
    "samples": 400,
    "mean_hold": 0.090543,
    "std_hold": 0.019823,
    "mean_dd": 0.207834,